{"cameraMode":{"drawMode":0,"name":"Shaded","section":"Shading Mode"},"sceneLighting":true,"audioPlay":false,"sceneViewState":{"m_AlwaysRefresh":false,"showFog":true,"showSkybox":true,"showFlares":true,"showImageEffects":true,"showParticleSystems":true,"showVisualEffectGraphs":true,"m_FxEnabled":true},"in2DMode":false,"pivot":{"x":399.13140869140627,"y":191.96762084960938,"z":132.22344970703126},"rotation":{"x":-0.10695486515760422,"y":-0.06826862692832947,"z":0.007379324175417423,"w":-0.9919496774673462},"size":280.78070068359377,"orthographic":false}