{"cameraMode":{"drawMode":0,"name":"Shaded","section":"Shading Mode"},"sceneLighting":false,"audioPlay":false,"sceneViewState":{"m_AlwaysRefresh":false,"showFog":true,"showSkybox":false,"showFlares":true,"showImageEffects":true,"showParticleSystems":true,"showVisualEffectGraphs":true,"m_FxEnabled":true},"in2DMode":false,"pivot":{"x":-27.608135223388673,"y":2.7738800048828127,"z":-15.920528411865235},"rotation":{"x":0.014662902802228928,"y":-0.951789140701294,"z":0.04600583016872406,"w":0.30319732427597048},"size":30.61662483215332,"orthographic":false}