{"cameraMode":{"drawMode":0,"name":"Shaded","section":"Shading Mode"},"sceneLighting":false,"audioPlay":false,"sceneViewState":{"m_AlwaysRefresh":false,"showFog":true,"showSkybox":false,"showFlares":true,"showImageEffects":true,"showParticleSystems":true,"showVisualEffectGraphs":true,"m_FxEnabled":true},"in2DMode":false,"pivot":{"x":-35.97388458251953,"y":21.766855239868165,"z":-92.75531768798828},"rotation":{"x":-0.045824628323316577,"y":-0.8062798380851746,"z":0.06302205473184586,"w":-0.5863980650901794},"size":0.24231018126010896,"orthographic":false}